ASIN,Marketplace,Zipcode,Brand
B01FCMV5RM,Canada,V6M 1Y8,Onco
B089YD8PL1,Canada,V6M 1Y8,CAROSE
B0948WYND7,Canada,V6M 1Y8,SMART ELF
B01M3PCW2C,Canada,V6M 1Y8,ZACRO
B0B1VNR98M,Canada,V6M 1Y8,Jolly Jumper
B078Y4GNLL,Canada,V6M 1Y8,CKAuto
B07MT8HXVC,Canada,V6M 1Y8,DARVIQS
B08889VZN5,Canada,V6M 1Y8,KeaBabies
B07G94H553,Canada,V6M 1Y8,Funbliss
B01BHM0BEY,Canada,V6M 1Y8,Jolly Jumper 2
B01N2KASWN,Canada,V6M 1Y8,Lusso Gear
B008HCXIU2,Canada,V6M 1Y8,BRITAX
B003V53B20,Canada,V6M 1Y8,Jolly Jumper 3
B09XDD6C6F,Canada,V6M 1Y8,Autobase
B00O6UCXUK,Canada,V6M 1Y8,COZY GREENS
B08FLH1SHC,Canada,V6M 1Y8,BRICA
B00LPAFQ26,Canada,V6M 1Y8,So Peep
B07HKBL6PV,Canada,V6M 1Y8,MYSBIKER
B0BB9SSWS8,Canada,V6M 1Y8,kopofa
B0BFDMXW7B,Canada,V6M 1Y8,venveal
B0B39BY9WD,Canada,V6M 1Y8,WUEGKOL
B0B8HH6STW,Canada,V6M 1Y8,Homelove
B09NF3C5LK,Canada,V6M 1Y8,Jolly Jumper 4
B0B64TNT4X,Canada,V6M 1Y8,Satis
B09X1CDX74,Canada,V6M 1Y8,Entemah
B071D9NX9K,Canada,V6M 1Y8,Home-Neat
B016NKPDBG,Canada,V6M 1Y8,Baby & Mom
B0B2WBLDVW,Canada,V6M 1Y8,Cafliyun
B07MDRNF3M,Canada,V6M 1Y8,Little Chicks
B0BGKWZJJT,Canada,V6M 1Y8,Psytfei